<?xml version="1.0" encoding="UTF-8"?>
<project-private xmlns="http://www.netbeans.org/ns/project-private/1">
    <editor-bookmarks xmlns="http://www.netbeans.org/ns/editor-bookmarks/2" lastBookmarkId="0"/>
    <open-files xmlns="http://www.netbeans.org/ns/projectui-open-files/2">
        <group>
            <file>file:/D:/UNIP/2021/1º%20SEMESTRE/APS/APS_2021/src/Models/EnumTipoCurso.java</file>
            <file>file:/D:/UNIP/2021/1º%20SEMESTRE/APS/APS_2021/src/Telas/CadastroAluno.java</file>
            <file>file:/D:/UNIP/2021/1º%20SEMESTRE/APS/APS_2021/src/Models/RendimentoModel.java</file>
            <file>file:/D:/UNIP/2021/1º%20SEMESTRE/APS/APS_2021/src/Telas/Menu.java</file>
            <file>file:/D:/UNIP/2021/1º%20SEMESTRE/APS/APS_2021/src/Models/NotasModel.java</file>
            <file>file:/D:/UNIP/2021/1º%20SEMESTRE/APS/APS_2021/src/Models/NotaModel.java</file>
            <file>file:/D:/UNIP/2021/1º%20SEMESTRE/APS/APS_2021/src/Telas/CadastroRendimento.java</file>
            <file>file:/D:/UNIP/2021/1º%20SEMESTRE/APS/APS_2021/src/Models/CursoModel.java</file>
            <file>file:/D:/UNIP/2021/1º%20SEMESTRE/APS/APS_2021/src/Models/AlunoModel.java</file>
            <file>file:/D:/UNIP/2021/1º%20SEMESTRE/APS/APS_2021/src/Telas/CadastroCurso.java</file>
        </group>
    </open-files>
</project-private>
