<?xml version="1.0" encoding="UTF-8"?>
<project-private xmlns="http://www.netbeans.org/ns/project-private/1">
    <editor-bookmarks xmlns="http://www.netbeans.org/ns/editor-bookmarks/2" lastBookmarkId="0"/>
    <open-files xmlns="http://www.netbeans.org/ns/projectui-open-files/2">
        <group>
            <file>file:/C:/Users/camil/Downloads/APS_Teste/APS_Teste/APS_2021/APS_2021/src/Entities/Curso.java</file>
            <file>file:/C:/Users/camil/Downloads/APS_Teste/APS_Teste/APS_2021/APS_2021/src/Telas/CadastroAluno.java</file>
            <file>file:/C:/Users/camil/Downloads/APS_Teste/APS_Teste/APS_2021/APS_2021/src/Entities/Nota.java</file>
            <file>file:/C:/Users/camil/Downloads/APS_Teste/APS_Teste/APS_2021/APS_2021/src/Telas/CadastroCurso.java</file>
            <file>file:/C:/Users/camil/Downloads/APS_Teste/APS_Teste/APS_2021/APS_2021/src/Telas/CadastroRendimento.java</file>
            <file>file:/C:/Users/camil/Downloads/APS_Teste/APS_Teste/APS_2021/APS_2021/src/Entities/Aluno.java</file>
            <file>file:/C:/Users/camil/Downloads/APS_Teste/APS_Teste/APS_2021/APS_2021/src/Entities/Notas.java</file>
        </group>
    </open-files>
</project-private>
